,Clean_Rating,Clean_Review,Time
0,4.0 out of 5 stars,Nice t-shirt with great colour combination. I ordered medium size but I found this T-shirt large to fit on my body. Neck is also somewhat higher.I would suggest if medium size cloths fit you then go for small size of this product. Overall nice t-shirt,28 January 2018
1,4.0 out of 5 stars,Material is thin not suitable for heavy winters.Quality is good when compared to the price for which I got (225/-) but yeah the cloth is too thin,27 January 2018
2,4.0 out of 5 stars,Bought it at the right price so no regrets. Don't pay more than 300-350 for it because the material isn't that great. Perfect fit according to size chart,24 February 2018
3,5.0 out of 5 stars,Product is really nice but bit short on size should go one size larger e.g.. if you normally wear bit loose and ur regular size is Large then you should order for XL.. apart from that everything is as shown in picture,3 June 2018
4,4.0 out of 5 stars,i just brought bcz it look good and then i realized I'm fat guy and that is skinny shirt and if you know what i mean that not go with my personality.welll f off I'm swiping my floor with this one and trust me it's better then i expected.,8 November 2018
5,1.0 out of 5 stars,"Don‚Äôt buy, not great quality, just OK but the sizes are too small. I am L size and the product was too small for me so I exchanged for an XL size, still it doesn‚Äôt fit me.XL. Is like medium. Didn‚Äôt even bother returning/replacing it anymore, might just give it away to someone.",11 December 2018
6,5.0 out of 5 stars,Best Quality kasto Shirt &amp; thanks Amazon......,13 February 2018
7,4.0 out of 5 stars,5.3` suggest small size comfortable &amp; fit NCGood quality materialAwesome!,1 July 2018
8,4.0 out of 5 stars,Good quality wise fits well colour don‚Äôt fades......But go for a unique colour because this is a very common T shirt everyone is purchasing it..I realised it after wearing it. So bunch of people wearing same colour,2 September 2018
9,3.0 out of 5 stars,The product is of good quality at this price but I‚Äôm disappointed because after one wash it shrunk and now it‚Äôs no more comfortable.It‚Äôs better to order one size larger than you already wear.,23 October 2018
10,3.0 out of 5 stars,"The fit is for individuals who have smaller body frame and the arms don't fit for someone who exercises. Overall the fit is not for average Indian. The quality also is on lower side, after 5-6 washes in machine, the stich had started to worn out.",9 February 2019
11,5.0 out of 5 stars,"Good quality, Perfect fitting.No colour faded untill now.",12 June 2017
12,3.0 out of 5 stars,"I purchase it Rs. 240 at amazon sale. It is average product. I wear normally M size in other brand, but I order L size even it is very fitting. Length is OK but not fit. Spent some more and go for other brand",26 October 2018
13,5.0 out of 5 stars,"Nice product worth for money grab it,....",30 June 2017
14,4.0 out of 5 stars,Looking good but quality should be considered.Little bit costlier when compared to material quality otherwise fine,19 July 2018
15,4.0 out of 5 stars,Product when I Receive Looks Awesome And Looks Same As shown In Picture If You Want A Cool T-shirt In A Good Price Then No One Is Better Option Go For This Fit As Expected,19 October 2018
16,4.0 out of 5 stars,"Nice good quality product, also good in fitting.",10 October 2017
17,5.0 out of 5 stars,Nice product in this price range... Very comfortable and good cloth.. Before order please check the sizes which comfortable to u.. I am very happy to this T-shirt. Thanks Amazon,19 September 2017
18,4.0 out of 5 stars,if i say right then this is best and fit product for me. Product is good quality and best price.,9 April 2019
19,5.0 out of 5 stars,I'm feeling zeal after got this product at my door. It is same as the product displaying in image and perfect fit with the given resolutions and measurements. I'd like to buy more product of this materials in nearest future.,7 December 2018
20,1.0 out of 5 stars,"First experience in life :) T-shirt got shrink and tilted towards one side after wash. Forgot to click a photograph, you would have laughed too after seeing.",28 January 2019
21,5.0 out of 5 stars,You will get what you have paid for and what you have seen in the pictures nothing more and less and the fitting is also good .,16 November 2018
22,5.0 out of 5 stars,Yes i feel this order the shirt size is little big in size but its ok iam using it for more then a months quality is good received the same product which ordered . thank you amazon,26 April 2017
23,1.0 out of 5 stars,"It is not like that which is shown on amazon, the product doesn't look like at all which is shown on amazon. I have ordered light blue shirt and they have delivered me dark blue color and it doesnt fit me as well. Quality is not as good as expected. Don't buy it.",21 March 2019
24,5.0 out of 5 stars,"Product is awesome. The fitting is perfect , though a bit on the tighter side. Surely would look good on a Muscular body type. Cloth is also nice. Will update post 2-3 weeks of usage",28 August 2018
25,4.0 out of 5 stars,Nice fiting and look gudüëçüèª,1 August 2018
26,4.0 out of 5 stars,"the t shirt fits perfect and comfortable. worth for the money. but i got 1 of the 3 t shirt with hole and returning it. happens randomly. for lean body it suits good. bought red/black, dark grey/black and light grey/navy blue.",30 October 2018
27,5.0 out of 5 stars,Perfect fit and flexible.. better option at reasonable price .. go for it..,19 June 2017
28,4.0 out of 5 stars,"Product quality is good and I got it on time.only one matter I ordered XL size which is a bit large than most of the XL size,except that thing overall is too good.",5 January 2017
29,5.0 out of 5 stars,"fit to me, nice t shirt",22 August 2017
30,5.0 out of 5 stars,It really looks and quality wise good and soft material. I do use 42 size shirt and it fit to me.,23 October 2018
31,5.0 out of 5 stars,Best fitComfortable clothAwesomeRefer to my friendsOn time deliveryPlease load more such Tees from the buyer,30 April 2017
32,1.0 out of 5 stars,cheap with no quality. Returned on the same day i received.,25 March 2019
33,2.0 out of 5 stars,Bought XL but very tight although I am average build so not wearing anymore. Cloth quality is fine for the price.,13 November 2018
34,2.0 out of 5 stars,Ok - ok product.Neck is very tight.Can get better product in same price range,7 August 2018
35,5.0 out of 5 stars,"Just a bit tight on sleeves, otherwise a great product. 10/10. :)",4 March 2019
36,3.0 out of 5 stars,Size is perfect fit. But releases light black colour in first wash.,22 July 2018
37,5.0 out of 5 stars,Wow. Very nice quality. Got it for my brother.If you are lean go for it. It will fit you like a dream.,21 November 2018
38,1.0 out of 5 stars,Bed T-shirt and very costly,17 July 2018
39,4.0 out of 5 stars,I really love full sleeve tees and this one lives upto my expectation.....value for money..go for it,1 February 2017
40,3.0 out of 5 stars,The shirt looks great and the fit is awesome...But: it came with a big stain on the back of the shirt.. Looks like an oil stain :(,21 April 2018
41,4.0 out of 5 stars,Good product &amp; it's fit well.Quality of cloth is good.4 star's,4 June 2018
42,3.0 out of 5 stars,Fits as expected and quality is just okay,27 October 2018
43,3.0 out of 5 stars,"Product quality was fine, but I ordered Medium got labeled medium on the t-shirt wrapping, but the printed size detail on tshirt was S, small!Now I'm confused whether to go for M or L.",8 April 2019
44,4.0 out of 5 stars,"Excellent fit,and quality is good",21 March 2019
45,5.0 out of 5 stars,"The product paid its worth,the material is good and it fits to your body well.Can be worn in moderate cold conditions.It dosen't help you look good but yeah it makes you feel comfortable",7 December 2018
46,3.0 out of 5 stars,The quality is sub-par but it's reasonable for the price,16 April 2017
47,4.0 out of 5 stars,Colour is too different,23 April 2018
48,3.0 out of 5 stars,Product quality is OK at this price however order one number more than your regular size,22 July 2018
49,5.0 out of 5 stars,"Nice product and good quality, looking smart after wearing this üòú",6 October 2017
50,5.0 out of 5 stars,Loved it.... excellent and amazing fit and quality and value for money,5 October 2018
51,5.0 out of 5 stars,Was impressed by how the quality of the T-shirt is.. Got better than i expected it to be,26 November 2017
52,5.0 out of 5 stars,Good stuff. Value for money on discounted price,30 June 2018
53,5.0 out of 5 stars,42 inch it's fit for me,23 February 2019
54,2.0 out of 5 stars,Katso t shirt purchased arrived with two holes at the back of the t shirt. I realized it later when I was in the airport travelling to a different city. It was very embarrassing.,13 July 2018
55,5.0 out of 5 stars,Very good product nice fitting.,1 November 2018
56,4.0 out of 5 stars,Good quality product,15 January 2019
57,2.0 out of 5 stars,Loose threads everywhere. Had to cut em with scissor. And doesn't fit as expected.,15 January 2018
58,5.0 out of 5 stars,Smart look for teenage boys.Cloth material also fine.,9 November 2018
59,4.0 out of 5 stars,Looks really good but the fabric is somewhat itchy i guess,11 August 2018
60,1.0 out of 5 stars,Worst product ever seen in my life..fully damaged product..many holes in it.Hey Amazon what kind of product u sell..Totally different from as shown in picture...,3 November 2018
61,5.0 out of 5 stars,Best in fit and cloth material is also good. Colour is as shown in image. It's a great deal!,21 October 2018
62,3.0 out of 5 stars,Value for money spent. Good quality,5 June 2018
63,4.0 out of 5 stars,Perfect fitting. Soft material.,26 November 2018
64,5.0 out of 5 stars,Great fit n quality!,4 May 2018
65,2.0 out of 5 stars,Unsatisfied. Received small size,25 August 2018
66,5.0 out of 5 stars,I bought it for my husband and he is wearing it for more than5 Months.The quality of cloth is good.it is comfortable to wear and wash.,10 February 2019
67,4.0 out of 5 stars,Good,11 January 2019
68,4.0 out of 5 stars,Worth the price.,11 November 2018
69,5.0 out of 5 stars,Great....it fits as expected thank you Amazon.it worth it.my brother liked it very much.colour is same as shown in picture,14 May 2017
70,3.0 out of 5 stars,Material is good but the stitchings are not upto point. There too many loose ends.,26 September 2017
71,4.0 out of 5 stars,Colour shown in picture is different from what I have received. But still product is good.,22 March 2019
72,5.0 out of 5 stars,Very good product,10 June 2017
73,4.0 out of 5 stars,Fitting is really good and looks nice as well... Really worth for 288/-...,2 November 2018
74,5.0 out of 5 stars,A compact fit and awesome quality at a reasonable price.,2 February 2018
75,4.0 out of 5 stars,But the neck portion seems to get tight,22 February 2019
76,5.0 out of 5 stars,I ordered L but the fitting was tight. Exchanged for XL. Fits perfectly. Material is soft and comfortable.,22 August 2018
77,3.0 out of 5 stars,"Size is not exact as we expect, quality also not soo good, but appearance is as same as preview...",2 December 2018
78,5.0 out of 5 stars,When i wear this t-shirt it gives me very good looking,21 December 2018
79,5.0 out of 5 stars,Best fitting...I already have one of this shirt...Now I brought another one with different colour..,21 April 2018
80,2.0 out of 5 stars,Low Quality,26 March 2018
81,5.0 out of 5 stars,Great product.. As expected.. Fast delivery. And good quality too,26 March 2018
82,3.0 out of 5 stars,Size is not perfect as mentioned,27 March 2019
83,5.0 out of 5 stars,Super quality ...Go for it,7 August 2018
84,4.0 out of 5 stars,Nice looking. Same as in the display. Fitting is very good... Nice product. Thnxx to amazon for on time delivery.. Executive was quite decent and polite,22 October 2018
85,4.0 out of 5 stars,Good product &amp; i love itüëåüëåüëå,25 November 2018
86,2.0 out of 5 stars,not proper fitting.,4 January 2018
87,4.0 out of 5 stars,Nice,27 February 2019
88,5.0 out of 5 stars,This is a nice one. If your size is medium go for large. Material is also good,13 March 2019
89,1.0 out of 5 stars,"Don't even think by seeing photos, product quality is not as shown in photo",16 May 2018
90,4.0 out of 5 stars,"quick delivery, good product...",23 October 2018
91,5.0 out of 5 stars,Nice product. Quality was very good.,7 November 2018
92,4.0 out of 5 stars,is ok,26 November 2018
93,5.0 out of 5 stars,"Woww... Its rsally a good product, material are so good n stiches are strong, comfortable to wear, and same product with color what was showed. Thnq amazon.",30 January 2018
94,5.0 out of 5 stars,Looks goodFits perfectlySuitable priceWorth the productMust buy!!!!,22 October 2017
95,4.0 out of 5 stars,Perfect fitting!,13 June 2018
96,5.0 out of 5 stars,Thank you Amazon for such an awesome product at very marginal cost... Delivery time is up to mark and quality of T-shirt is too good..,13 January 2019
97,1.0 out of 5 stars,Very cheep quality,20 December 2018
98,5.0 out of 5 stars,Quality is good,25 June 2017
99,4.0 out of 5 stars,The cost is high...but little worth of the cost,30 August 2018
100,1.0 out of 5 stars,Product is good but don't know why they have given me L instead of M,16 March 2018
101,2.0 out of 5 stars,PRODUCT QUALITY IS POOR,27 June 2018
102,5.0 out of 5 stars,Good,15 March 2019
103,4.0 out of 5 stars,Oh man.....its perfect in fitting ....the fabric is nice too..üëç,27 June 2018
104,5.0 out of 5 stars,Good product,24 January 2019
105,4.0 out of 5 stars,Excellent,22 January 2019
106,4.0 out of 5 stars,Perfect fitting too good product with buying,30 October 2018
107,4.0 out of 5 stars,"Not a pure cotton, Good looking",25 July 2018
108,5.0 out of 5 stars,Good,21 October 2018
109,4.0 out of 5 stars,Fitted perfectly and look cool,13 October 2018
110,5.0 out of 5 stars,Good,24 November 2018
111,3.0 out of 5 stars,Ok,31 December 2018
112,5.0 out of 5 stars,Wow... It was more than i expected.. Loved it katso... Quality is excellent... Size is as expected.. Delivery is as expected...everything is good.. üëç,2 January 2018
113,1.0 out of 5 stars,Worst of money don't buy..,7 November 2018
114,1.0 out of 5 stars,Don't buy diz product.. once u wash it for first time .. se ond time its totally shinks 2inch less looking skinny,13 August 2017
115,4.0 out of 5 stars,The material is good. Be careful before choosing the size because the tshirt kind of shrinks after you wash it.,3 July 2018
116,4.0 out of 5 stars,Quality material.,25 November 2018
117,1.0 out of 5 stars,Not as shown,25 October 2018
118,5.0 out of 5 stars,Very Good Product,4 April 2018
119,5.0 out of 5 stars,just perfect as expected! loved the product.....,23 July 2017
120,4.0 out of 5 stars,Nice product and quality is also good,22 October 2018
121,5.0 out of 5 stars,"Very good fabric, fitting was perfect as expected..",4 July 2018
122,4.0 out of 5 stars,"Amazing fitting and colour.The fabric would have been better but overall a nice t,s....",24 June 2018
123,5.0 out of 5 stars,Love it! Fit t-shirts.. soo good,2 October 2017
124,3.0 out of 5 stars,T-shirt is good quality but the fit is a bit too tight on my arms and shoulders,28 February 2019
125,4.0 out of 5 stars,Is not better quality,5 March 2019
126,4.0 out of 5 stars,Same design like picture. Cloth is fine (not that great but it is what you should expect in this range). It is good for daily wear.,12 August 2017
127,4.0 out of 5 stars,Worth to try,26 December 2018
128,1.0 out of 5 stars,I got a defective item. Arms are uneven. There is a cut in chest area. It is loosing colour also. Don't buy.,27 March 2019
129,3.0 out of 5 stars,Product is Avatar if colour of product don't get faded,1 November 2018
130,5.0 out of 5 stars,Good product and delivered within estimated time.,18 April 2017
131,5.0 out of 5 stars,I'm 17 year old and this t shirt fit me as I wanted don't think much,14 October 2017
132,3.0 out of 5 stars,The neck loosens on wearing a few times. The sleeve length is a little long for me.,9 December 2018
133,3.0 out of 5 stars,"It's perfect wearing under any jacket,pullover etc.but don't over expect the quality.It's very thin.",16 January 2019
134,5.0 out of 5 stars,"In this price it is awesome. Fitted the body, except the length is slightly large but it's ok. Material soft. Colour as expected.You must go for it....",2 February 2017
135,4.0 out of 5 stars,"Good, but cloth quality is low.",30 November 2018
136,5.0 out of 5 stars,Awesome fit,16 November 2017
137,5.0 out of 5 stars,Good,27 January 2019
138,5.0 out of 5 stars,Its a very good and attractive T-shirt and also it quality was to good and it is under an affordable price also.,31 March 2019
139,4.0 out of 5 stars,Fitted nicely.....love it very much.....,3 December 2016
140,5.0 out of 5 stars,Great Product. Fitting as it is ever after few washes.,11 March 2018
141,5.0 out of 5 stars,nice one.. exact fit size,6 November 2018
142,5.0 out of 5 stars,Good for home/work out,16 February 2019
143,4.0 out of 5 stars,T shirt really worth buying. Cloth is fine and fitting is perfectly suits for me. I felt neck little bit tight except that everything is superb.,24 February 2018
144,5.0 out of 5 stars,Nice,17 November 2018
145,4.0 out of 5 stars,Fabric good bt size issue,6 December 2018
146,2.0 out of 5 stars,You can't use it for more than a month. The colour fades with every wash. Save your money. Thank you,27 April 2018
147,1.0 out of 5 stars,wrong items delivered,12 April 2019
148,5.0 out of 5 stars,"Awesome look, fits perfectly. I bought 3 of them.",12 June 2018
149,1.0 out of 5 stars,Friends this product is not even rs100 because the fabric n stich quality is too bad n worst please dnt buy it,5 June 2018
150,4.0 out of 5 stars,"Superb fit , quality is good , color is bit dull , not so bright as shown in above image , i think for this price range , it's the best u can get , go for it !",1 January 2017
151,5.0 out of 5 stars,Outstanding product ....very well done katso..it is perfectly slimfit..|,16 January 2019
152,5.0 out of 5 stars,"Good quality of cloth, comfortable and stylish as well",9 June 2017
153,5.0 out of 5 stars,"Amazing product just recieved today..fit as Expected, great quality thank u seller.Five stars for this product",27 March 2019
154,1.0 out of 5 stars,Wrong sizing,12 September 2017
155,5.0 out of 5 stars,"Quality was great even after multiple wash,Colour does not vanish out",19 November 2017
156,5.0 out of 5 stars,Ok product,15 March 2019
157,5.0 out of 5 stars,Go for it,10 June 2018
158,5.0 out of 5 stars,üëç,6 March 2019
159,4.0 out of 5 stars,Very good product in this price range,24 February 2019
160,1.0 out of 5 stars,Extremely poor material.Suffocating and warm to wear.Impossible to wear during Indian Summers,27 April 2018
161,4.0 out of 5 stars,Fit &amp; comfortable as expected,29 December 2018
162,2.0 out of 5 stars,It‚Äôs ok,21 March 2018
163,5.0 out of 5 stars,Quality and size r ok.,8 March 2018
164,5.0 out of 5 stars,Good quality with same as in image,26 November 2018
165,3.0 out of 5 stars,Fine,6 November 2018
166,5.0 out of 5 stars,Superb quality... Loved it,27 June 2017
167,4.0 out of 5 stars,The blue variant is not the same as the pic posted. Fits as expected. Comfortable. I liked it.,11 March 2018
168,5.0 out of 5 stars,Good quality,19 February 2019
169,3.0 out of 5 stars,"Tshirt fit is excellent at the shoulders and chest, but a little large at stomach area, disturbing the whole look",21 March 2019
170,5.0 out of 5 stars,nyc produc u can go for it,11 January 2019
171,3.0 out of 5 stars,Take a different colour combination there is no contrast among these colour combination,6 September 2018
172,3.0 out of 5 stars,"Color looks faded but the fitting is perfect, little over priced but that is fine.",15 June 2017
173,2.0 out of 5 stars,If you don't have a physiq like the guy then don't buy this one also the t shirt's length is less then the pic,14 August 2018
174,3.0 out of 5 stars,Good,21 December 2018
175,4.0 out of 5 stars,Nice... Fitting,14 November 2017
176,4.0 out of 5 stars,It's unique product t-shirt good fabric,21 July 2017
177,5.0 out of 5 stars,Really cool yar..!,7 April 2019
178,1.0 out of 5 stars,Quality not worth,30 December 2018
179,4.0 out of 5 stars,Good,21 November 2017
180,4.0 out of 5 stars,Please select higher size what you naturally fits in,23 October 2018
181,4.0 out of 5 stars,The product is food..... clothes quality is not that good but not that bad too....worth buying a,29 October 2018
182,5.0 out of 5 stars,Good,31 December 2018
183,4.0 out of 5 stars,Good,30 November 2018
184,4.0 out of 5 stars,Very good for the price but loosens very soon.,20 May 2017
185,3.0 out of 5 stars,Nice.. but fabric is somehow not good,18 November 2017
186,1.0 out of 5 stars,U Ll regreat once u buy,2 January 2018
187,5.0 out of 5 stars,good one and nice product,23 January 2017
188,5.0 out of 5 stars,It is very good product one should buy this fitting is perfect and quality is also good,7 April 2018
189,5.0 out of 5 stars,Excellent,23 December 2018
190,3.0 out of 5 stars,Size is as expected but quality of the product is not good.,23 October 2017
191,5.0 out of 5 stars,Amazing product in fact I order one more &amp; perfect fitting but I want XXL size if it's possible next time.,21 September 2018
192,4.0 out of 5 stars,Good,25 November 2018
193,5.0 out of 5 stars,Good quality of t shirt and it is warm too,2 December 2016
194,1.0 out of 5 stars,Product totally different as showing in product image.... You can see the image .. t- shirt material are D - Grade,28 May 2018
195,3.0 out of 5 stars,Looks good but the Quality is not good as much i expected.,11 October 2017
196,1.0 out of 5 stars,Not of good quality,2 November 2017
197,4.0 out of 5 stars,Nice product with perfect fitting....,2 September 2018
198,3.0 out of 5 stars,Good,19 August 2018
199,5.0 out of 5 stars,As expected,1 March 2019
200,1.0 out of 5 stars,Pathetic look. Feels like 50 rs wala tee . Had to return immediately.,15 November 2018
201,1.0 out of 5 stars,Size Very small can I return the product,24 August 2018
202,1.0 out of 5 stars,Not Good...,7 April 2017
203,2.0 out of 5 stars,Shrunken in 1st wash.,13 December 2018
204,5.0 out of 5 stars,Great Quality... Material of product is nice overall its perfect in law rate,12 August 2018
205,4.0 out of 5 stars,Ok,22 November 2018
206,4.0 out of 5 stars,"Gud product.., but somewhat large.. Gud product",5 October 2018
207,5.0 out of 5 stars,"Very Nice Product, Good Quality &amp; looks Nice!!Go ahead own it.",21 June 2018
208,3.0 out of 5 stars,Good good good good,3 December 2018
209,5.0 out of 5 stars,Comfortable sl,31 October 2018
210,5.0 out of 5 stars,good product...,23 February 2018
211,5.0 out of 5 stars,i like this product,11 March 2019
212,5.0 out of 5 stars,Impressed with T-shirt üòçüòç,20 August 2017
213,5.0 out of 5 stars,Fitting is perfect for me.(lean)Good quality material as well. Thanks for the tee.,1 July 2018
214,5.0 out of 5 stars,It's good size shape and colour worth for money go for it nice product thank you amazon,7 August 2017
215,1.0 out of 5 stars,"The item was not same as the pic, colour, quality and seems used. Iam not suggesting this product.",6 February 2019
216,5.0 out of 5 stars,Good,26 July 2018
217,5.0 out of 5 stars,Nice looking,22 October 2017
218,5.0 out of 5 stars,Amazing and just the Tee I needed...,7 May 2018
219,5.0 out of 5 stars,Good quality cloth but delivered too lately,13 November 2017
220,4.0 out of 5 stars,Fit n fine,12 November 2017
221,4.0 out of 5 stars,Nice product.,26 July 2017
222,5.0 out of 5 stars,Good,29 September 2017
223,5.0 out of 5 stars,Size and colur perfact. Best quality for this range. Go for it,17 January 2019
224,4.0 out of 5 stars,"Lil tight for L size, though perfect look, go for it, take a size extra",10 September 2017
225,5.0 out of 5 stars,Perfect fit..It was unexpected to be such a good quality product for this price..Go for it..!,24 January 2019
226,2.0 out of 5 stars,length is too short...,30 June 2017
227,5.0 out of 5 stars,Value fir money,2 December 2018
228,1.0 out of 5 stars,"I ordered s size bkz i am 5'6"" but then also it is loose",6 November 2018
229,1.0 out of 5 stars,Low quality,1 December 2018
230,1.0 out of 5 stars,Wrong items,8 January 2018
231,5.0 out of 5 stars,Nice,12 November 2018
232,4.0 out of 5 stars,Good,13 December 2017
233,2.0 out of 5 stars,The product quality is excellent but it was somewhat small.,15 February 2019
234,5.0 out of 5 stars,Super T shirt.... I liked üëåüëåüëåüëåüíØReally super üò±,30 March 2019
235,4.0 out of 5 stars,Good tshrt at good price,3 March 2018
236,3.0 out of 5 stars,Fine prodict,17 October 2018
237,4.0 out of 5 stars,awesome....Quality of product simply best....up to the mark with expectations.....happy with product,7 April 2018
238,5.0 out of 5 stars,It was very fit and stylish...i love it... U also wanna by it fast..Yo ü§ô,14 January 2019
239,5.0 out of 5 stars,Just the same as in pic.. cloth quality is also very good,3 January 2019
240,2.0 out of 5 stars,very bad quality don't go for it,13 February 2018
241,5.0 out of 5 stars,5*,6 October 2018
242,5.0 out of 5 stars,Good product got as expected,12 December 2018
243,4.0 out of 5 stars,"I received my Order very late. This is the minor issue. Please, look into this. Bye.",19 July 2018
244,5.0 out of 5 stars,"Clean stitches. Comfortable, good quality fabric. Colour DOESN'T run, nor fades. Worth the price.",18 October 2017
245,4.0 out of 5 stars,Good quality product. But there is a loot difference between this product size and market product size.,17 June 2018
246,5.0 out of 5 stars,Very nice.. comfort and stylish fitting,15 March 2017
247,4.0 out of 5 stars,Pretty good product! Recommended!,25 December 2017
248,4.0 out of 5 stars,this product is awesome and perfect size T-shirt thank u so much amazon .üëå üëçüëçüëç,16 March 2018
249,5.0 out of 5 stars,Nice product at the price....Thank You Amazon.....,25 September 2018
250,5.0 out of 5 stars,Product is good also the quality is good it's body fit (slim fit).,2 November 2018
251,4.0 out of 5 stars,It was very nice product. It very comfortable.,13 August 2018
252,3.0 out of 5 stars,Not good product..price should have been much less if u consider material.,3 October 2017
253,3.0 out of 5 stars,Good &amp; serves the purpose,13 February 2018
254,2.0 out of 5 stars,"The color can be misleading ... Other than that, it fits good.",12 February 2017
255,5.0 out of 5 stars,It's Ultimate the Cost is superb also quality of fabric is very soft.,18 December 2018
256,5.0 out of 5 stars,This is very good n comfortable,3 March 2017
257,5.0 out of 5 stars,It fits as expected!! Perfect t-shirt for Gym or sport wear!!,22 March 2019
258,5.0 out of 5 stars,Good product,7 February 2019
259,3.0 out of 5 stars,Cotton is not good,19 August 2017
260,5.0 out of 5 stars,Its big but now i am adjusted to it i am wering on regular basis,26 August 2017
261,5.0 out of 5 stars,Superb,21 February 2019
262,2.0 out of 5 stars,Very small ordered M but it seems to be S disappointed,3 October 2018
263,3.0 out of 5 stars,good,26 March 2018
264,4.0 out of 5 stars,Nice product,15 April 2018
265,5.0 out of 5 stars,This product is really nice. Loved the quality and look. Katso products are good.,8 July 2018
266,3.0 out of 5 stars,It's good but after a few months it's colour changed,23 March 2019
267,5.0 out of 5 stars,Nice outfit,30 November 2018
268,4.0 out of 5 stars,Fabric is soft and stretchable.,6 October 2018
269,1.0 out of 5 stars,Dont buy any apearl online because ...dikhate kuch aur hain hota kuch aur hai...,6 July 2018
270,4.0 out of 5 stars,i use it for walking .,16 January 2019
271,3.0 out of 5 stars,https://www.amazon.in/gp/product/B07L5HTSND,20 December 2018
272,4.0 out of 5 stars,Good product but not so good looking,1 May 2018
273,4.0 out of 5 stars,Good quality product and proper size fitting.. No issue regarding both,16 July 2018
274,4.0 out of 5 stars,Nice material .,21 March 2017
275,5.0 out of 5 stars,I bought this one for 230/- and it's really nice quality.,15 December 2018
276,4.0 out of 5 stars,Feels good just a lil bit tight that would b only if it wunt srink after the wash,31 August 2017
277,5.0 out of 5 stars,"Product quality is good, it is better than the other",12 November 2018
278,5.0 out of 5 stars,Awesome seller and product,28 September 2017
279,2.0 out of 5 stars,Men's Cotton T-shirt is only look is great but cloth is not good,19 December 2018
280,1.0 out of 5 stars,Pls Don‚Äôt buy,19 October 2018
281,2.0 out of 5 stars,"Image is misleading, the color of the t-shirt is not how it looks in real",10 July 2017
282,2.0 out of 5 stars,Product quality not good,27 October 2018
283,5.0 out of 5 stars,Gifted it to my husband. It fits very well and he liked it. Got in a deal for rs.349.,24 May 2017
284,5.0 out of 5 stars,Fitting and clothe quality is awesome and its really feeling good after wearing,20 December 2018
285,5.0 out of 5 stars,"It's full of cotton , and too much comfortable also .",30 June 2018
286,4.0 out of 5 stars,The material seems a little cheap but it's perfect fit .the sleeves however is thight.,20 April 2018
287,5.0 out of 5 stars,Top quality,18 February 2019
288,4.0 out of 5 stars,Product is good but not worth 400 maybe it should be around 300....,4 August 2017
289,3.0 out of 5 stars,"I love to wear it, fitting me well, not for fat people's but slim guys can wear this Raglan.",2 September 2017
290,4.0 out of 5 stars,Should have had a bit of extra quality... But is decent for the price range,31 December 2016
291,5.0 out of 5 stars,Excellent tshirt and fitting is awesomely awesome and quality is good as expected....,17 April 2017
292,5.0 out of 5 stars,"Good quality, I have zero complaints.",7 March 2019
293,5.0 out of 5 stars,fine,19 January 2018
294,5.0 out of 5 stars,Baught for my cousin &amp; he loves it.,29 December 2016
295,5.0 out of 5 stars,great fit and awesome look same as picture given.,4 July 2018
296,3.0 out of 5 stars,Color is not as shown in the picture.little larger than actual size of L,12 April 2017
297,5.0 out of 5 stars,Superb,7 August 2017
298,4.0 out of 5 stars,Perfect t-shirt totally worth the price and the cloth is of excellent quality :),25 February 2017
299,5.0 out of 5 stars,"Perfect Body fitting cloth, and remains same after multiple washes. Good product at best price.",18 January 2018
300,1.0 out of 5 stars,Very poor quality.. not at all satisfied with it.. T shirt is torn at 2 places.. didn't expected such kind of quality from Amazon..,4 July 2017
301,1.0 out of 5 stars,poor quality of material used. product durability is poor Not worth for money,14 February 2017
302,5.0 out of 5 stars,Quality is good Ôªøüòö Sweet ‚ú®üè†‚ù§üè†üíõüèÉüé∂üé∂,21 April 2018
303,3.0 out of 5 stars,So so,22 October 2018
304,5.0 out of 5 stars,Just perfect....I love this,21 March 2019
305,2.0 out of 5 stars,Neck goes loose and sleeve too in some time .,6 March 2018
306,1.0 out of 5 stars,Plz don't buy it unfinished quality,18 April 2018
307,5.0 out of 5 stars,Perfect Fit.... Very Good Quality,2 November 2018
308,4.0 out of 5 stars,The t shirt material is good.. Soft on the skin.,16 January 2019
309,4.0 out of 5 stars,It is well fitted.,20 October 2018
310,5.0 out of 5 stars,Good product and price also good,10 February 2019
311,3.0 out of 5 stars,Color fades,24 January 2019
312,5.0 out of 5 stars,Great product,19 November 2018
313,1.0 out of 5 stars,"Wrost quality,it's for only one time use waste productDon't buy this carp",11 August 2018
314,4.0 out of 5 stars,Good as expected,5 July 2018
315,5.0 out of 5 stars,Good fittings &amp; Quality,17 June 2017
316,5.0 out of 5 stars,Nice,14 January 2019
317,3.0 out of 5 stars,Fit is very Good! But after 5-6 wash colour are faded üòÖ,23 November 2018
318,5.0 out of 5 stars,Awesome T shirt,29 October 2018
319,5.0 out of 5 stars,good,1 April 2018
320,4.0 out of 5 stars,Same colour and design as shown.Ok at this price,27 November 2018
321,4.0 out of 5 stars,Excellent bro. Set as expected by u. Good quality I satisfied. And good looking.,26 May 2017
322,4.0 out of 5 stars,Nice product,13 January 2018
323,5.0 out of 5 stars,Best product..Go for it guys...,1 April 2017
324,5.0 out of 5 stars,It is comfortable t shirt and also fit that I expected,1 April 2019
325,5.0 out of 5 stars,Mst looks same as shown in pictures fits well genuine products,8 April 2019
326,1.0 out of 5 stars,Poor product never buy from amazon,11 November 2018
327,5.0 out of 5 stars,This T shirt looks good on me.Was delivered on 2 days only,14 June 2017
328,4.0 out of 5 stars,Pretty nice shirt. I wear M but went for an L and thank god I did. Ordered two more. Go for it. Just order a bigger size than what you usually wear.,28 January 2017
329,5.0 out of 5 stars,"Fabric quality is good,fitting and design is perfect,Colour combination is awesome.value for money.",15 November 2017
330,2.0 out of 5 stars,Not good fitting,28 March 2019
331,5.0 out of 5 stars,Very nice,14 December 2018
332,5.0 out of 5 stars,Nice fit as expected,1 May 2018
333,1.0 out of 5 stars,Size is written as XL but doesn't fit me. It's in the M size.,24 August 2018
334,5.0 out of 5 stars,Nicely fits to body.best for out side workout and activities.,16 September 2018
335,1.0 out of 5 stars,Quality of the product is way below than whats shown. Not a good buy.,7 July 2017
336,5.0 out of 5 stars,Good,27 October 2017
337,5.0 out of 5 stars,Good fabric quality. Good in the price range,2 January 2019
338,5.0 out of 5 stars,Really happ...y thank you Amazon...,3 November 2018
339,5.0 out of 5 stars,The fit was perfect as mentioned in the website.,30 October 2018
340,5.0 out of 5 stars,This is very good tshirt,8 April 2018
341,3.0 out of 5 stars,Cotton and somewhat synthetic,24 August 2018
342,4.0 out of 5 stars,Worth of the price and material is good,26 October 2017
343,4.0 out of 5 stars,good material and perfect fit,2 August 2018
344,4.0 out of 5 stars,Nice clothe I like this,19 October 2018
345,5.0 out of 5 stars,Good to fit and look,31 October 2018
346,5.0 out of 5 stars,AWESOME t shirt nice black colour and cloths are good quality...‚ò∫‚ò∫üñí,24 September 2018
347,4.0 out of 5 stars,Worth it! Good quality and fit..would recommend others for sure to buy it,26 January 2017
348,1.0 out of 5 stars,Colour faded after 1 or 2 wash.Very bad product.,31 October 2018
349,4.0 out of 5 stars,very good product..the fabric is good...i m quite impressed,25 August 2018
350,4.0 out of 5 stars,nice,6 June 2017
351,2.0 out of 5 stars,small,2 April 2019
352,3.0 out of 5 stars,So So,8 May 2018
353,5.0 out of 5 stars,Nyce,14 May 2018
354,3.0 out of 5 stars,Cloth quality is goodWell designed.Desired size not fitted on me.,15 March 2018
355,3.0 out of 5 stars,Good,20 June 2018
356,5.0 out of 5 stars,Very reasonable price with good quality.,30 December 2018
357,5.0 out of 5 stars,Looking same like picture,27 February 2019
358,4.0 out of 5 stars,Good,7 December 2018
359,5.0 out of 5 stars,It's really incredible.loved it.,6 February 2019
360,4.0 out of 5 stars,Paid Rs. 399 for it but don't buy if it's more.,13 January 2017
361,5.0 out of 5 stars,Very good productNo change in colore n size after washing,31 August 2018
362,5.0 out of 5 stars,The product is totally fit and fine as expected,13 April 2019
363,5.0 out of 5 stars,Nice quality nice color Nice fitting...Pull paisa washul,13 January 2019
364,4.0 out of 5 stars,Cotton quality is good,19 October 2018
365,5.0 out of 5 stars,Worth it. Perfect in all way,4 September 2017
366,4.0 out of 5 stars,Awesome t-shirt .....Will order more items...Thank you amazon,12 April 2017
367,5.0 out of 5 stars,Superb,27 January 2019
368,5.0 out of 5 stars,Stuff is nice but check your proper chest and size then buy i like the cloth,28 May 2018
369,5.0 out of 5 stars,Cloth material was good ... and fit ....nice one .,31 August 2018
370,4.0 out of 5 stars,Worth buying,30 December 2016
371,4.0 out of 5 stars,Material OK.. Price little high,14 June 2018
372,5.0 out of 5 stars,5 star for fitting.,8 July 2018
373,5.0 out of 5 stars,Good and cheap to buyAnd on time delivery,23 July 2018
374,5.0 out of 5 stars,Good,25 July 2018
375,3.0 out of 5 stars,Looks good but won't look good after a year.,26 March 2019
376,1.0 out of 5 stars,Drink after wash bad product waste of money.,10 March 2019
377,5.0 out of 5 stars,Very nice.you can purchase without any doubt,26 February 2019
378,5.0 out of 5 stars,Best quality products,30 January 2019
379,4.0 out of 5 stars,Not bad..But it's ok fine,4 November 2018
380,3.0 out of 5 stars,Good product,8 April 2017
381,3.0 out of 5 stars,Nice product,19 October 2018
382,4.0 out of 5 stars,Looks stylish,15 October 2018
383,2.0 out of 5 stars,Design is good but quality is wrost,25 February 2019
384,5.0 out of 5 stars,Got the perfect size and the delivery was very fast! Loved it,8 October 2018
385,5.0 out of 5 stars,"Right size, no issue, perfect condition,",7 October 2017
386,5.0 out of 5 stars,Love it,25 January 2017
387,2.0 out of 5 stars,Cloth is not elastic. Very rough. Not worth it. But thanks for the refund and return.,3 August 2017
388,4.0 out of 5 stars,The product is good and has the quality as you might expect in this price. Enjoy!,5 November 2016
389,3.0 out of 5 stars,Nice colour .nice fit..but small defect on sleeves cloth,30 April 2018
390,4.0 out of 5 stars,Worth for ‚Çπ300!,25 January 2019
391,4.0 out of 5 stars,Nice fabric.,6 October 2018
392,5.0 out of 5 stars,Length of t-shirt a little bit small but the product is fantastic,7 October 2018
393,3.0 out of 5 stars,"Shirt is good, good material and nice fitting. Anazon service is amazing, received item earlier than estimated. Thank you",27 February 2017
394,1.0 out of 5 stars,Very bad looking,21 March 2017
395,1.0 out of 5 stars,Dislike,2 March 2019
396,4.0 out of 5 stars,Good one. But some what smaller than expected,30 October 2018
397,3.0 out of 5 stars,Fit is excellent but im not much so happy with the quality of the cloth however!!,14 August 2017
398,4.0 out of 5 stars,Actually fit as expected,6 December 2018
399,5.0 out of 5 stars,Awesome t-shirt fits very well and looks very stylish.Thank you amazon,30 December 2017
400,5.0 out of 5 stars,Good quality of T-shirt.,18 June 2018
401,5.0 out of 5 stars,Thank you Amazon.. quality and color both as i expect..,23 December 2018
402,3.0 out of 5 stars,Quality of cloth not as expected..,8 November 2018
403,4.0 out of 5 stars,thank you.,31 July 2018
404,5.0 out of 5 stars,"The product is amazing, fits as expected, value for money....",7 October 2018
405,5.0 out of 5 stars,"good quality at low price ,fits tight, good for slim people",20 July 2017
406,4.0 out of 5 stars,Very Good,31 July 2018
407,3.0 out of 5 stars,"Some products are too small,some are deep in colour.only one was fit as expected.",22 January 2018
408,4.0 out of 5 stars,Good product,3 June 2017
409,4.0 out of 5 stars,Gud product,10 July 2018
410,5.0 out of 5 stars,Lik it,7 March 2019
411,5.0 out of 5 stars,"Perfect size, good material,",18 March 2019
412,5.0 out of 5 stars,Perfect fitting. Go for it..,4 December 2018
413,3.0 out of 5 stars,Good at this price range...,28 April 2018
414,3.0 out of 5 stars,"Quality is so cheap, as per price quote.. It can be 200 enough..",8 September 2017
415,4.0 out of 5 stars,Good product and good material used,16 March 2019
416,5.0 out of 5 stars,Good T shirt,4 February 2019
417,5.0 out of 5 stars,Super good product soft and smooth,1 November 2018
418,3.0 out of 5 stars,Superb Quality and fit as expected,23 October 2018
419,3.0 out of 5 stars,Good,20 December 2018
420,4.0 out of 5 stars,Good,5 February 2019
421,1.0 out of 5 stars,ordered large but recieved small as shown in picture,21 November 2018
422,4.0 out of 5 stars,Nice produced fitting good,30 August 2018
423,5.0 out of 5 stars,Loved it,12 July 2018
424,5.0 out of 5 stars,Perfect,1 January 2018
425,4.0 out of 5 stars,Fits perfectly gud,18 December 2018
426,4.0 out of 5 stars,Good quality material. Comfortable while wearing.,1 September 2017
427,5.0 out of 5 stars,Gentle use will extend live of this cloth,2 March 2019
428,5.0 out of 5 stars,Very nice products,2 December 2018
429,4.0 out of 5 stars,Fabric and colour is good,5 December 2018
430,3.0 out of 5 stars,Need good quality,30 October 2018
431,4.0 out of 5 stars,Very best product with least cost,1 December 2018
432,5.0 out of 5 stars,"Product Quality is Good, and it Fits perfectly. Thank you.",13 August 2017
433,5.0 out of 5 stars,Nice good quality,25 March 2019
434,4.0 out of 5 stars,"material is good,not fade t-shirt colour best product in amazon.in",9 October 2018
435,5.0 out of 5 stars,Good Product. Happy with product,6 February 2019
436,4.0 out of 5 stars,Very good fitting. Satisfied,29 October 2018
437,5.0 out of 5 stars,Love with their size and comfortable.,12 March 2018
438,5.0 out of 5 stars,Simply amazing and now this is the second time I have bought this item.,26 June 2017
439,5.0 out of 5 stars,Fits really good,23 November 2018
440,5.0 out of 5 stars,Good quality product with colour and size as expected,8 June 2017
441,4.0 out of 5 stars,Good product,1 November 2018
442,4.0 out of 5 stars,material is too perfect but size preffer perfactly .,19 October 2018
443,5.0 out of 5 stars,Nice color and design,21 June 2018
444,5.0 out of 5 stars,Very good quality,25 February 2017
445,4.0 out of 5 stars,Nice t. Didn‚Äôt shrink on wash,26 January 2019
446,2.0 out of 5 stars,Quality of the product is not up to the mark as seems in picture,26 September 2017
447,5.0 out of 5 stars,Nice T-shirtFit as expected,13 July 2018
448,4.0 out of 5 stars,its cotton and quality is as expected,3 December 2018
449,4.0 out of 5 stars,I like this product,19 October 2018
450,3.0 out of 5 stars,Nice and quality is also good enough in budget price..,1 April 2018
451,4.0 out of 5 stars,Material is soft and fit as expected. Satisfied.,18 April 2018
452,2.0 out of 5 stars,not upto mark and coastly to pay for this quality,9 March 2018
453,5.0 out of 5 stars,Better than expected üòâüëåüèª,17 January 2017
454,5.0 out of 5 stars,Loved,22 March 2019
455,4.0 out of 5 stars,Super,28 January 2019
456,1.0 out of 5 stars,Bad product,17 October 2018
457,4.0 out of 5 stars,Nice fitting,25 January 2019
458,4.0 out of 5 stars,Good fitting,2 January 2019
459,4.0 out of 5 stars,Nice t shirt with decent quality and perfect fit.,30 June 2018
460,1.0 out of 5 stars,colour change as expected on the screen,3 June 2017
461,3.0 out of 5 stars,Not too good either too bad,12 February 2019
462,4.0 out of 5 stars,Nice,23 August 2018
463,4.0 out of 5 stars,Nice product,1 December 2018
464,3.0 out of 5 stars,Nice,26 January 2019
465,4.0 out of 5 stars,Nice,27 December 2018
466,4.0 out of 5 stars,Good,2 January 2019
467,5.0 out of 5 stars,Material is 'OK',29 October 2018
468,1.0 out of 5 stars,Worst product. 2 times i got defect product. Thanks to amazon to return my money.,28 February 2017
469,1.0 out of 5 stars,different product I got,12 July 2018
470,4.0 out of 5 stars,Nice product.,28 July 2018
471,5.0 out of 5 stars,Really good !! Nice material as expected !,11 August 2018
472,1.0 out of 5 stars,large size is actually smaller than medium,9 March 2019
473,5.0 out of 5 stars,Looks good n fits properly,4 February 2019
474,5.0 out of 5 stars,Fabric quality and Fit is good.,23 October 2018
475,4.0 out of 5 stars,Great,31 July 2018
476,5.0 out of 5 stars,Awesome trendy sweatshirt with perfect fitting. Order only if you are physically fit cauz it's not meant for fat people.,31 December 2016
477,5.0 out of 5 stars,Superb fit,19 April 2018
478,5.0 out of 5 stars,Very good,5 November 2018
479,5.0 out of 5 stars,I got exactly what I expected. very nice one.,7 April 2017
480,5.0 out of 5 stars,Good T shirt. Material is good. It's worth.,27 January 2018
481,4.0 out of 5 stars,Fabric is good..,29 September 2017
482,3.0 out of 5 stars,nice but fade colour,9 February 2018
483,4.0 out of 5 stars,Fine,9 November 2018
484,4.0 out of 5 stars,Good t-shirt but delivery is late,18 October 2017
485,4.0 out of 5 stars,"Nice product, fits nicely",5 June 2018
486,5.0 out of 5 stars,Love it... I am 5'11 and choose M and it fitts really very good,21 June 2017
487,5.0 out of 5 stars,This is the best cotton t-shirt,9 December 2018
488,4.0 out of 5 stars,Good product fit nicely go for it,4 February 2018
489,3.0 out of 5 stars,Slightly short,19 October 2018
490,5.0 out of 5 stars,Nice product.Very comfortable.,29 August 2018
491,1.0 out of 5 stars,Sewing on neck is overlapping. Looking so cheap,3 October 2018
492,4.0 out of 5 stars,it's good enough .received with one little hole on neckside. overall satisfied,3 February 2017
493,5.0 out of 5 stars,The Fit is Perfect and the fabric feels great too.,20 October 2018
494,1.0 out of 5 stars,Vry poor return policy,28 November 2018
495,5.0 out of 5 stars,The fit was absolutely perfect,29 January 2019
496,5.0 out of 5 stars,Excellent and very comfortable product,31 March 2019
497,5.0 out of 5 stars,Thanks,21 September 2017
498,5.0 out of 5 stars,cloth quality is good.,30 January 2019
499,1.0 out of 5 stars,poor quality the fit is very bad very disapionting,24 July 2017
500,1.0 out of 5 stars,Very low quality cloth and also poor striching,13 June 2018
501,5.0 out of 5 stars,"Perfect fit, cloth quality is worth more than the the price.",4 July 2017
502,1.0 out of 5 stars,Waste of money... Neck was irregular.,30 August 2017
503,5.0 out of 5 stars,Nice products,4 April 2019
504,4.0 out of 5 stars,Good quatity..best fittings..,3 September 2017
505,3.0 out of 5 stars,Quality and fittings is good but stitching is not good,21 January 2017
506,4.0 out of 5 stars,nice product for the price,6 January 2018
507,5.0 out of 5 stars,"Its an awesome product. Fits well, fabric is also good . you will not regret by buying it.",2 May 2017
508,5.0 out of 5 stars,its good producti like this asin,14 November 2018
509,4.0 out of 5 stars,Good,16 March 2019
510,3.0 out of 5 stars,Not bad and not best,26 June 2017
511,4.0 out of 5 stars,Good product and nice quality,16 October 2017
512,5.0 out of 5 stars,Its very gud and i am also wear my tshirt,20 October 2018
513,5.0 out of 5 stars,Quality is goos service of seller as well,29 June 2018
514,4.0 out of 5 stars,Just buy 1 size big,14 January 2019
515,5.0 out of 5 stars,Awesome T-shirt...I loved it..,25 March 2018
516,3.0 out of 5 stars,Quality of the fabric is average. Fitting is proper though.,22 February 2017
517,5.0 out of 5 stars,Nice t-shirts,3 June 2018
518,5.0 out of 5 stars,Worth it.,3 February 2018
519,2.0 out of 5 stars,Not bad,11 September 2018
520,4.0 out of 5 stars,Good quality. Over all its is good,20 December 2017
521,4.0 out of 5 stars,Sleeves were perfect but it was small around waist,16 December 2017
522,4.0 out of 5 stars,"Nice t shirt,go for it",14 August 2018
523,4.0 out of 5 stars,good. very comfortable,14 May 2018
524,5.0 out of 5 stars,Good,20 November 2018
525,5.0 out of 5 stars,Like,20 November 2018
526,5.0 out of 5 stars,Nice ... Quality product.,14 August 2018
527,1.0 out of 5 stars,Poor cloth material,31 May 2018
528,4.0 out of 5 stars,All right,22 February 2019
529,3.0 out of 5 stars,Overall cloth is good,29 October 2018
530,4.0 out of 5 stars,Good,12 November 2018
531,5.0 out of 5 stars,"Fully satisfied with amazon ,best service",20 July 2018
532,4.0 out of 5 stars,,3 July 2018
533,2.0 out of 5 stars,Size to not fit,15 August 2018
534,5.0 out of 5 stars,Good,1 November 2018
535,5.0 out of 5 stars,perfect fix,25 February 2017
536,1.0 out of 5 stars,Very bad,27 September 2018
537,5.0 out of 5 stars,Price was fine,16 January 2019
538,4.0 out of 5 stars,Fits perfectly. Stitching is not that good but satisfatory,16 November 2017
539,4.0 out of 5 stars,Super,16 October 2018
540,4.0 out of 5 stars,Very good.,4 November 2018
541,4.0 out of 5 stars,I like this product but not satisfied,8 October 2018
542,4.0 out of 5 stars,,21 November 2017
543,4.0 out of 5 stars,Slim fitBuy +1 size,9 February 2019
544,3.0 out of 5 stars,Wow! Nice fitting,7 November 2018
545,5.0 out of 5 stars,It's really good as I expected....quality is average but looks good..,15 October 2017
546,5.0 out of 5 stars,good t shirt in this price range.,13 March 2018
547,4.0 out of 5 stars,Nice tshirt with good fitting,12 July 2018
548,3.0 out of 5 stars,Liked,30 October 2018
549,4.0 out of 5 stars,Nice fitting,7 December 2018
550,5.0 out of 5 stars,Awesome Product. Liked the fitting and quality.,22 November 2017
551,5.0 out of 5 stars,Nice product,26 February 2019
552,5.0 out of 5 stars,Nice t shirt,10 December 2018
553,4.0 out of 5 stars,Like,15 January 2019
554,1.0 out of 5 stars,not as expected,22 October 2017
555,5.0 out of 5 stars,Really Stylish and Perfect Fit,16 August 2017
556,4.0 out of 5 stars,Worth the Value!,19 January 2018
557,5.0 out of 5 stars,Nice,13 June 2018
558,5.0 out of 5 stars,Perfect t-shirt of good quality üòéüòéüòé,11 April 2017
559,4.0 out of 5 stars,Nice product with nice fitting I like itBuyers buy it less price nice t shirtGood one buddies,2 January 2017
560,5.0 out of 5 stars,very very good Qualityso nice,17 December 2017
561,5.0 out of 5 stars,Diz product is perfect as I order..,5 October 2018
562,4.0 out of 5 stars,It's good for winter and rainy seasons,19 May 2018
563,4.0 out of 5 stars,Perfect size and nice look,30 October 2018
564,2.0 out of 5 stars,It is not comfortable size,4 February 2019
565,5.0 out of 5 stars,I love you,22 August 2018
566,5.0 out of 5 stars,Awesome t shirt,28 October 2018
567,4.0 out of 5 stars,Good quality,21 November 2018
568,5.0 out of 5 stars,It's was good,15 December 2018
569,5.0 out of 5 stars,Product is too good... No need to worry about the quality,19 August 2017
570,5.0 out of 5 stars,Wonderful tshirt at this price....,10 February 2018
571,2.0 out of 5 stars,not as shown and as expected for rs.350,4 September 2017
572,5.0 out of 5 stars,Aayee ...,19 February 2019
573,4.0 out of 5 stars,Nice item,28 February 2019
574,5.0 out of 5 stars,Nice fabric,20 November 2018
575,5.0 out of 5 stars,Nice fit,27 April 2018
576,3.0 out of 5 stars,Local Product,18 March 2018
577,4.0 out of 5 stars,One of the best,5 January 2018
578,1.0 out of 5 stars,I've received different colour.Ordered blue but they sent green.,2 March 2017
579,5.0 out of 5 stars,"It's parfact ,, nice one",26 September 2018
580,4.0 out of 5 stars,Nice,2 December 2018
581,4.0 out of 5 stars,Best products üñï,28 August 2018
582,5.0 out of 5 stars,Bahut hi badhiya,16 November 2018
583,5.0 out of 5 stars,Awesome .. fully perfect,7 October 2018
584,4.0 out of 5 stars,Good Quality of clothes .. Good product,8 March 2017
585,3.0 out of 5 stars,Not good,13 February 2019
586,5.0 out of 5 stars,Excellent,12 April 2018
587,1.0 out of 5 stars,Poor quality. Not recommend to buy.,21 May 2018
588,1.0 out of 5 stars,Doesnt look like a mens tshrt...,10 June 2018
589,5.0 out of 5 stars,Good product,16 March 2018
590,2.0 out of 5 stars,no better nor bestit is only good ...,21 July 2017
591,5.0 out of 5 stars,This good other,6 October 2018
592,1.0 out of 5 stars,Poor quality material..,14 March 2019
593,4.0 out of 5 stars,Perfect,19 August 2018
594,2.0 out of 5 stars,"After wash, the color is fade",28 June 2018
595,1.0 out of 5 stars,Poor qualitY for this product.,26 March 2017
596,5.0 out of 5 stars,Superb,11 October 2018
597,5.0 out of 5 stars,good,7 May 2018
598,3.0 out of 5 stars,Quality is just fine.,20 May 2017
599,1.0 out of 5 stars,"Worst quality ever, torn in very first wash.",24 October 2017
600,4.0 out of 5 stars,Good value for money,17 October 2018
601,5.0 out of 5 stars,Very good,15 December 2018
602,3.0 out of 5 stars,It was good..,6 January 2019
603,5.0 out of 5 stars,Great,30 August 2018
604,1.0 out of 5 stars,Worst product,23 February 2019
605,5.0 out of 5 stars,same as expected!!,28 July 2017
606,5.0 out of 5 stars,Very good product super quality fitted just right thankyou to amazon to bring such a good product .... ‚ò∫‚ò∫üòäüòä,8 April 2017
607,5.0 out of 5 stars,Superb product love it!!!!,22 October 2018
608,5.0 out of 5 stars,Very Good material,23 October 2018
609,5.0 out of 5 stars,Product is very nice and superb.,16 May 2018
610,5.0 out of 5 stars,nice,16 November 2018
611,4.0 out of 5 stars,It's very comfartable,5 August 2018
612,3.0 out of 5 stars,Good,25 March 2019
613,5.0 out of 5 stars,Good,1 March 2019
614,5.0 out of 5 stars,good,23 January 2019
615,5.0 out of 5 stars,Nice,26 January 2019
616,4.0 out of 5 stars,Good,29 November 2018
617,1.0 out of 5 stars,Very bad quality of cloth,4 July 2018
618,3.0 out of 5 stars,Ok types,4 May 2017
619,4.0 out of 5 stars,I'm really satisfied with the product,3 October 2017
620,2.0 out of 5 stars,Not,8 September 2018
621,5.0 out of 5 stars,Perfect!!,2 May 2018
622,1.0 out of 5 stars,Bad product,4 October 2018
623,4.0 out of 5 stars,,14 April 2018
624,5.0 out of 5 stars,Supab nice t-shart,18 August 2018
625,5.0 out of 5 stars,Thats good,12 January 2019
626,3.0 out of 5 stars,Seems okay to me,23 October 2018
627,1.0 out of 5 stars,Quality is so poor,31 December 2018
628,5.0 out of 5 stars,It is totally good,26 February 2019
629,1.0 out of 5 stars,Worst fit &amp; poor quality,22 October 2018
630,4.0 out of 5 stars,not for summer,23 January 2018
631,5.0 out of 5 stars,Ok,13 March 2019
632,5.0 out of 5 stars,Achha hai,22 April 2018
633,5.0 out of 5 stars,Perfect,23 October 2018
634,4.0 out of 5 stars,Take one size small,7 December 2017
635,4.0 out of 5 stars,Very nice product,30 December 2018
636,5.0 out of 5 stars,Very good quality,15 June 2018
637,5.0 out of 5 stars,I love it,13 March 2019
638,4.0 out of 5 stars,Clothing,15 November 2018
639,4.0 out of 5 stars,nice quality,3 March 2017
640,5.0 out of 5 stars,worth every penny....,24 October 2018
641,4.0 out of 5 stars,i'd say this is one of the best product i ever ordered from Amazonworth buying it,16 February 2017
642,4.0 out of 5 stars,tee and design is good,8 July 2017
643,5.0 out of 5 stars,Nice Quality at this price,14 September 2018
644,5.0 out of 5 stars,Awesome,29 January 2019
645,5.0 out of 5 stars,Best but size problem I want x-small,2 January 2017
646,4.0 out of 5 stars,Nice one,27 November 2018
647,4.0 out of 5 stars,I'll buy again,15 August 2018
648,4.0 out of 5 stars,Best,26 October 2018
649,3.0 out of 5 stars,Only normal nice,4 August 2018
650,5.0 out of 5 stars,Great,16 October 2018
651,5.0 out of 5 stars,A great tshirt,15 December 2017
652,4.0 out of 5 stars,I like it,12 November 2018
653,4.0 out of 5 stars,It is good.,19 April 2017
654,4.0 out of 5 stars,Perfect fit.Product is as shown in the pic.,6 February 2017
655,4.0 out of 5 stars,It‚Äôs fit as expected,14 October 2018
656,5.0 out of 5 stars,Nice quality.,13 March 2019
657,5.0 out of 5 stars,Looks good....quality is also good,9 November 2017
658,4.0 out of 5 stars,Good product. Received earlier than my expect. It fits as expected.,1 July 2017
659,5.0 out of 5 stars,Fast delivery....perfect fit....nice fabric,27 January 2017
660,4.0 out of 5 stars,Outstanding Tshirt,4 July 2018
661,4.0 out of 5 stars,Nice,19 June 2018
662,4.0 out of 5 stars,Neck is too short,31 October 2018
663,5.0 out of 5 stars,nice product,7 December 2018
664,3.0 out of 5 stars,good,23 November 2018
665,4.0 out of 5 stars,Good,25 August 2018
666,5.0 out of 5 stars,so nice,14 March 2017
667,5.0 out of 5 stars,Good quality,13 December 2018
668,5.0 out of 5 stars,Nice product,5 March 2019
669,5.0 out of 5 stars,Good product,16 February 2019
670,5.0 out of 5 stars,I feel happy,29 March 2019
671,5.0 out of 5 stars,nice quality,19 February 2019
672,1.0 out of 5 stars,It's too bad,29 January 2019
673,1.0 out of 5 stars,Poor quality,6 October 2018
674,5.0 out of 5 stars,Product quality is just awesome ...,28 December 2016
675,4.0 out of 5 stars,Fabric worth the cost.,20 May 2017
676,5.0 out of 5 stars,A good one.,22 August 2018
677,1.0 out of 5 stars,Bad product,11 August 2018
678,4.0 out of 5 stars,It's look &amp; quality was very nice,4 July 2017
679,1.0 out of 5 stars,Very bed product Do not buy,24 October 2017
680,1.0 out of 5 stars,Not good quality,4 July 2018
681,2.0 out of 5 stars,Grey colour is too light. Not looking nice,21 June 2017
682,5.0 out of 5 stars,Nice and awsm tshrt... i love it...,15 April 2017
683,3.0 out of 5 stars,This product is good,7 October 2017
684,3.0 out of 5 stars,Fit is bad,19 December 2018
685,3.0 out of 5 stars,Overall good deal ..stuff..size...all good..,13 October 2016
686,5.0 out of 5 stars,Very good,27 December 2018
687,5.0 out of 5 stars,Its good and looks nice..i buyed small size...,8 December 2017
688,2.0 out of 5 stars,quality is very low. not worthy to pay 380,2 August 2017
689,5.0 out of 5 stars,Good one,23 November 2018
690,4.0 out of 5 stars,The quality is good..,8 May 2018
691,5.0 out of 5 stars,T-shirt is really very good.... I suggest to go for it....,1 August 2017
692,5.0 out of 5 stars,looks great!,10 January 2017
693,3.0 out of 5 stars,ok...ok product,31 August 2017
694,5.0 out of 5 stars,Goods,27 October 2018
695,1.0 out of 5 stars,Poor quality cloth material,26 May 2017
696,4.0 out of 5 stars,Very comfortable ... As expected,12 December 2016
697,5.0 out of 5 stars,Awesome !!,23 July 2018
698,5.0 out of 5 stars,Perfect,28 March 2019
699,5.0 out of 5 stars,Perfect,4 January 2019
700,5.0 out of 5 stars,Perfect,1 March 2019
701,5.0 out of 5 stars,Super,28 June 2018
702,5.0 out of 5 stars,"Super,",25 December 2017
703,5.0 out of 5 stars,Cloth good,9 September 2018
704,1.0 out of 5 stars,Not as expected,8 June 2018
705,4.0 out of 5 stars,Good product,21 October 2018
706,5.0 out of 5 stars,Grtt fiting...,6 October 2018
707,5.0 out of 5 stars,Good quality,28 June 2018
708,2.0 out of 5 stars,Not comfortable.,3 October 2017
709,2.0 out of 5 stars,It fits and comfortable,2 December 2017
710,5.0 out of 5 stars,very nice to wear. worth for money,10 September 2017
711,5.0 out of 5 stars,Super,22 March 2019
712,5.0 out of 5 stars,Nice,20 June 2018
713,3.0 out of 5 stars,Nice Tshirt,18 October 2018
714,5.0 out of 5 stars,Like,14 January 2019
715,5.0 out of 5 stars,Good,19 December 2018
716,4.0 out of 5 stars,Good,23 March 2019
717,5.0 out of 5 stars,good,16 December 2018
718,5.0 out of 5 stars,like,8 February 2019
719,5.0 out of 5 stars,Best,30 January 2019
720,4.0 out of 5 stars,mast,8 January 2019
721,5.0 out of 5 stars,Jus go for it. Worth of every penny.,14 June 2017
722,4.0 out of 5 stars,I like this,8 October 2018
723,5.0 out of 5 stars,Best Product .Worth Buyingüòä,25 December 2017
724,4.0 out of 5 stars,Nice Good fit,19 April 2017
725,5.0 out of 5 stars,Good quality product,8 April 2018
726,1.0 out of 5 stars,Low quality,5 October 2018
727,4.0 out of 5 stars,good quality,2 April 2018
728,5.0 out of 5 stars,Very good,28 October 2017
729,4.0 out of 5 stars,Good one,21 January 2017
730,1.0 out of 5 stars,Not genuine,26 January 2018
731,1.0 out of 5 stars,Cloth is good but they have not a great looking,8 October 2017
732,4.0 out of 5 stars,"perfect fit , nice fabric , don't think go for it.",23 June 2017
733,3.0 out of 5 stars,good,12 July 2017
734,4.0 out of 5 stars,Good product,13 June 2018
735,3.0 out of 5 stars,Not bad,19 February 2018
736,4.0 out of 5 stars,Amazing product. Worth the money,6 June 2017
737,3.0 out of 5 stars,I think it's a good product.,22 November 2017
738,4.0 out of 5 stars,Good,22 October 2018
739,5.0 out of 5 stars,The product was really good and meet the expectations,19 June 2017
740,5.0 out of 5 stars,GOOD PRODUCT AT CHEAP PRICE,2 May 2018
741,4.0 out of 5 stars,After 3 wash also fitting and quality is still good.,24 June 2017
742,5.0 out of 5 stars,Perfect product... Excellent,23 October 2017
743,5.0 out of 5 stars,Good one thanks,29 January 2018
744,5.0 out of 5 stars,awsm,11 October 2018
745,5.0 out of 5 stars,Hmm ra8,9 June 2017
746,5.0 out of 5 stars,üëç,29 June 2018
747,5.0 out of 5 stars,Mastt,5 June 2018
748,5.0 out of 5 stars,Good,11 February 2018
749,5.0 out of 5 stars,Superb T-shirt .fit and comfortGood material n Gud Product,7 March 2017
750,4.0 out of 5 stars,Very good...But not extraordinary quality...,24 June 2017
751,5.0 out of 5 stars,Good,8 September 2018
752,5.0 out of 5 stars,Love it,20 February 2017
753,4.0 out of 5 stars,good product,27 July 2018
754,4.0 out of 5 stars,Satisfied‚ò∫,26 June 2017
755,5.0 out of 5 stars,Good t shirt fabric is also good,2 September 2017
756,5.0 out of 5 stars,awsm fit,4 April 2018
757,5.0 out of 5 stars,Good product nice colour.,28 August 2017
758,5.0 out of 5 stars,Best fitting t shirt,30 November 2017
759,5.0 out of 5 stars,Great deal!Its same as shown :),19 May 2017
760,5.0 out of 5 stars,Awsm,12 September 2018
761,3.0 out of 5 stars,Quality is not as expected,3 February 2017
762,5.0 out of 5 stars,Nice fit with pretty nice look,25 February 2017
763,5.0 out of 5 stars,Good,15 June 2018
764,5.0 out of 5 stars,COOOL,5 May 2018
765,5.0 out of 5 stars,nice,5 January 2017
766,4.0 out of 5 stars,Nice product.its looking good...,9 October 2017
767,4.0 out of 5 stars,Very good fabric quality,16 March 2017
768,3.0 out of 5 stars,Color is too light,17 March 2017
769,5.0 out of 5 stars,very good fitting,16 November 2017
770,4.0 out of 5 stars,Quite an awesome product liked it very much!,20 June 2017
771,5.0 out of 5 stars,Awesome,1 March 2017
772,2.0 out of 5 stars,bad,6 July 2017
773,4.0 out of 5 stars,nice stuff,11 November 2016
774,5.0 out of 5 stars,Bst ever.......!,18 September 2017
775,1.0 out of 5 stars,No quality for the product,28 October 2017
776,1.0 out of 5 stars,It's cheap quality,27 December 2017
777,2.0 out of 5 stars,poor quality. not worth the price,1 July 2017
778,5.0 out of 5 stars,good product,13 April 2017
779,5.0 out of 5 stars,It is very good for me,22 November 2017
780,2.0 out of 5 stars,Poor products,17 July 2017
781,5.0 out of 5 stars,Very nice,15 May 2018
782,5.0 out of 5 stars,Fantasticüëåüòä,12 January 2018
783,3.0 out of 5 stars,Nice product..just size problem,18 December 2017
784,5.0 out of 5 stars,Superb,6 March 2017
785,5.0 out of 5 stars,I like it,1 February 2018
786,5.0 out of 5 stars,"Im 5'5 70kgs. Ordered Size S, perfect fit.",9 January 2017
787,5.0 out of 5 stars,nice colour and perfect fitting,1 December 2016
788,1.0 out of 5 stars,The product is defected. In the front side cut it,19 March 2017
789,1.0 out of 5 stars,Quality is not good,8 November 2017
790,4.0 out of 5 stars,Its good .,14 January 2018
791,4.0 out of 5 stars,Best Product and Best Colour..,21 August 2017
792,5.0 out of 5 stars,Good,19 February 2018
793,5.0 out of 5 stars,Nice t shirt,9 October 2017
794,1.0 out of 5 stars,Bad product..,3 December 2017
795,5.0 out of 5 stars,Nice tshirt,14 February 2017
796,5.0 out of 5 stars,Great one really nice,20 September 2017
797,4.0 out of 5 stars,Good product,4 December 2017
798,4.0 out of 5 stars,It's good and comfortable,15 September 2017
799,4.0 out of 5 stars,Quality is good,26 June 2017
800,4.0 out of 5 stars,NYC Shir looking good,10 July 2017
801,5.0 out of 5 stars,"L is perfect for my size 34chest &amp; 5.6""",11 March 2017
802,1.0 out of 5 stars,Defective product,26 July 2017
803,4.0 out of 5 stars,Awesome fit and very light cloth made of 100% cotton,24 April 2017
804,5.0 out of 5 stars,Too good,25 November 2017
805,4.0 out of 5 stars,Good productNicely deaignedLooks great,27 December 2016
806,5.0 out of 5 stars,Loved the quality and the look.,14 January 2017
807,5.0 out of 5 stars,Great product,8 October 2017
808,5.0 out of 5 stars,Super b,15 December 2017
809,3.0 out of 5 stars,Nice,11 December 2017
810,5.0 out of 5 stars,Awesome,17 September 2017
811,5.0 out of 5 stars,Nice i love it,23 September 2017
812,2.0 out of 5 stars,Vry Vry gud,8 October 2017
813,5.0 out of 5 stars,Excellent,15 October 2017
814,4.0 out of 5 stars,Nice product nd comfortable..,5 May 2017
815,1.0 out of 5 stars,Worst Quality...,15 August 2017
816,5.0 out of 5 stars,Excellent product,16 January 2017
817,5.0 out of 5 stars,Good one,27 July 2017
818,3.0 out of 5 stars,Good,22 February 2017
819,5.0 out of 5 stars,Material is fine and I love this pdt.,31 January 2017
820,5.0 out of 5 stars,It was nice,22 April 2017
821,5.0 out of 5 stars,Nice Quality Product,5 June 2017
822,4.0 out of 5 stars,Great fit.,9 February 2017
823,4.0 out of 5 stars,Excellent product..,20 March 2017
824,1.0 out of 5 stars,bad quality,16 May 2017
825,5.0 out of 5 stars,Its Good Quality and Perfect feeting,19 December 2016
826,5.0 out of 5 stars,Its good,21 September 2017
827,5.0 out of 5 stars,Good enough,7 July 2017
828,4.0 out of 5 stars,Good,22 February 2017
829,5.0 out of 5 stars,Perfect fit,2 July 2017
830,2.0 out of 5 stars,Cloth is gud but size not correct,30 December 2016
831,5.0 out of 5 stars,Nice quality fitting perfectly,10 January 2017
832,4.0 out of 5 stars,Awesome fitting....,22 March 2017
833,5.0 out of 5 stars,Nice product,14 March 2017
834,5.0 out of 5 stars,good shirt,29 June 2017
835,5.0 out of 5 stars,good product for summer,3 February 2017
836,1.0 out of 5 stars,I got damaged T-shirt,5 July 2017
837,4.0 out of 5 stars,thik-thak thi,10 April 2017
838,1.0 out of 5 stars,Very large t shirt,28 February 2017
839,3.0 out of 5 stars,Nice and comfortable t shirt,27 February 2017
840,1.0 out of 5 stars,Third class,10 February 2017
841,4.0 out of 5 stars,Ya√†a loved it.....,10 February 2017
842,4.0 out of 5 stars,That is nice,8 March 2017
843,4.0 out of 5 stars,Good one,3 February 2017
844,5.0 out of 5 stars,Good one. ..,7 March 2017
845,5.0 out of 5 stars,nice product.,22 December 2016
846,5.0 out of 5 stars,Nice product,28 February 2017
847,5.0 out of 5 stars,Awesome...,11 March 2017
848,1.0 out of 5 stars,Poor stuff,2 January 2017
849,4.0 out of 5 stars,Nice product,11 February 2017
850,5.0 out of 5 stars,Good Product.,16 January 2017
851,5.0 out of 5 stars,Thanks,5 January 2017
852,5.0 out of 5 stars,Worth It,21 February 2017
853,4.0 out of 5 stars,Good,25 February 2017
854,5.0 out of 5 stars,Nice..!!,20 December 2016
855,5.0 out of 5 stars,Excellent,7 December 2016
856,4.0 out of 5 stars,It's getting fit too wellvalue for money,28 April 2017
857,1.0 out of 5 stars,"It is soft cotton material ,but i dont like it much. Sewing quality is bad.The seller is delivering this product through private courier , so you can't return this item. You have to return this item by your own. I can get better t shirt in road side with 300 rupees. I want my money back which is 389+30=419 rupees.",4 July 2017
858,4.0 out of 5 stars,Fabric and stitching is not Up to mark...... Simple and Fabulous T-shirt...,23 April 2018
859,5.0 out of 5 stars,Looking gud,4 February 2017
860,5.0 out of 5 stars,I would say a very good value for money product. The material is not very thick and should not expect the same as it costs just 360 Rs. The fit is perfectly fine and the cloth is also very soft. I would definitely buy another provided there are some other design. Perfect for a winter-ware.,31 December 2016
861,1.0 out of 5 stars,"First of all, I received the wrong size and it is too large. The tshirt is covered in lint and does not new at all. The color would fade easily as well.",7 July 2017
862,5.0 out of 5 stars,"I just loved the color, it fits just as expected, you can check size guide for this and place order. Very good t shirt , worth the price.",28 July 2017
863,5.0 out of 5 stars,"Had some doubt about quality while buying, as price was considerably low. But it's fantastic üëå Amazing . Worth buying .Strong Recommendüòä",7 December 2016
864,4.0 out of 5 stars,EDIT: This review is for the BLUE tee not the black oneI ordered the black and blue tee. The colour is more of a Teal colour and is not blue like shown in the images so please note that if it's a big deal to you. I ordered a medium but received a small instead and didn't want to go through the process of returning the item since at that time I was busy and the fit seemed nice. It is a slim fit and sticks to your body so if you're out of shape this probably won't be a good idea. Also the collar is tight as compared to other t-shirts. The quality is good for 350 bucks,11 January 2017
865,3.0 out of 5 stars,the quality of the cloth is somewhat poor......,16 February 2017
866,4.0 out of 5 stars,"I have bought 2 t-shirts at almost same price but different ones.This is far better than other one coz it's fitting is pretty good and metrial is also good. Same t-shirts I tried at shop nearby,was very expressive but on Amazon I got it on half price which matters a lot.Guys I m 6""1 tall guy if you are tall same as I m then go for Large .Without any doubt. go for it""",23 June 2017
867,4.0 out of 5 stars,I love wearing long sleeve tshirts and this one made me happy like most others. I was a bit worried about the quality but I must say the quality is really good for the price. It is easy on the skin. My only advice is make sure you wash it gently using mild detergents. It will last long trust me.Cheeers to Amazon for a timely delivery.,13 December 2016
868,5.0 out of 5 stars,"It's been 2 years since i bought it. Here's my previous review. - This is the best sweatshirt i have ever seen in my entire life. I am 17 years old and a thin guy. I am 6 feet tall and i ordered a ""large"" size. The shoulders look damm sexy in this sweatshirt. i would love to have another in a different color. fitting is perfect it would only suit tall guys ranging from 5 9' and above. It is made for all weathers. i would really recommend this to every one. and one for thing the delivery is very fast. I am from HP and it came just after 3 days. Love you amazon. take it take it take it.",23 July 2017
869,2.0 out of 5 stars,"when 1st time i bear , on that time it was awesome fitting was absolutely perfect but after 1st wast it's looking should be rough. all the sinning has lost after 1 wash &amp; become unfit on my body it became lt of loose. so overall material which used to prepare this t shirt was bad.",27 February 2017
870,4.0 out of 5 stars,Good shirt and material. Fits well.The color is as shown in the pictures. Only a small issue with the delivery process which was quickly solved with the Amazon support team. Otherwise a great product.,3 April 2017
871,5.0 out of 5 stars,Awesome cloth... I chosen bcoz my love has same shirt with same color... It's really awesome and cool... Love you amazon...,4 September 2017
872,5.0 out of 5 stars,"I received product delivery before deadline, packing was nice, t-shirt material is also nice n soft. I love this Tee, best in price.",10 May 2017
873,5.0 out of 5 stars,product as described prompt delivery,18 March 2017
874,4.0 out of 5 stars,Got in ‚Çπ380.My Weight is 54kg and height 5.8Mene M size liya but thoda large hai.S leta to badiya rahta (perfect fit)Doesn't metter.Delivery bahut jaldi ho gai.Best buy katso brandThank you amazon.,4 October 2017
875,2.0 out of 5 stars,Unexpected fitting,25 September 2017
876,5.0 out of 5 stars,Very good product super quality fitted just right thanks to Amazon to bring such a great product at cheap price,2 April 2017
877,5.0 out of 5 stars,Value for money. Excellent service arrived much before the expected date. Quality is very good,28 January 2017
878,1.0 out of 5 stars,The fit is fine. But the material doesnt feel like 100% cotton even though that's the claim. It's not something I'd wear in any month other than Dec given that I live in Mumbai,5 March 2017
879,1.0 out of 5 stars,check tshierts properly there are holes on the black material this is sadak chhap material.Dont buy it .You can buy same tshirts on road for 50 rs,22 August 2017
880,2.0 out of 5 stars,Fabric is good. Design is really cool but had to return bcos the size was small than usual. Get a size higher than you usually do!!!,15 January 2017
881,5.0 out of 5 stars,Nice shirt!,18 March 2017
882,5.0 out of 5 stars,the product is grt. keep up the grt job katso.,15 October 2016
883,5.0 out of 5 stars,Nice colour good material,3 April 2017
884,3.0 out of 5 stars,reasonable quality,19 January 2017
885,3.0 out of 5 stars,Fitting is good but man the neck part is too high and its choking my neck.I am thinking of stretching it a bit from that part to loosen it up.If it doesn't work I'll return it if option is available.,30 May 2017
886,5.0 out of 5 stars,Over all good...fit as expected!thanks Amazon,24 November 2016
887,3.0 out of 5 stars,Okkk,29 January 2017
888,4.0 out of 5 stars,Nice tshirt.,9 January 2017
889,3.0 out of 5 stars,T-shirt was little torn on the neck.Material is not good.Improve the quality.,15 April 2017
890,5.0 out of 5 stars,"Goood , now i look hero after wearing this t shirt",31 March 2017
891,3.0 out of 5 stars,Overall size is good jus the material is not up to the mark.,5 November 2016
892,4.0 out of 5 stars,Great Product.The colors are good and the Fit is nice.,26 January 2017
893,5.0 out of 5 stars,Just loved it. I was not expecting it to be so cool and fit. It's like my personal designer has designed it for me,2 March 2017
894,1.0 out of 5 stars,Wrong colour..I have ordered black and grey. But I got black and white,29 October 2016
895,5.0 out of 5 stars,Awsome t-shirt... i was scared about material and fitness but it is much much loved one than expected...Thank you amazon,6 February 2017
896,4.0 out of 5 stars,T is good but the style was not as expected in the pictures.....i ordered small though i will give 4star,2 May 2017
897,5.0 out of 5 stars,It's too gud more than that I excepted!!Quality of product is too gud ___üëçüëçüëçüëç,30 May 2017
898,1.0 out of 5 stars,WorseDon't ever buy,26 June 2017
899,4.0 out of 5 stars,I got it on time... it was simply awesome.. and good looking..,10 January 2017
900,4.0 out of 5 stars,Nic T-shirt ...stylish ..n fitting,7 February 2017
901,5.0 out of 5 stars,Value for money,1 June 2017
902,5.0 out of 5 stars,Super quality.perfect size .awesome product,26 January 2017
903,1.0 out of 5 stars,Quality is very cheap nd fitting is not good,5 December 2016
904,2.0 out of 5 stars,Length of the t-shirt got altered by sides after two washes.,16 April 2017
905,1.0 out of 5 stars,Zero star for it.. Very poor so large and there is a hol,11 April 2017
906,4.0 out of 5 stars,Nice shirt looks and quality wise,18 March 2017
907,5.0 out of 5 stars,It's cool!,4 March 2017
908,4.0 out of 5 stars,Nice and good quality colth,6 March 2017
909,5.0 out of 5 stars,Good Buy.,4 June 2017
910,1.0 out of 5 stars,No shop,11 January 2017
911,4.0 out of 5 stars,Good,28 April 2017
912,5.0 out of 5 stars,Its awesome,6 February 2017
913,1.0 out of 5 stars,Not good it is totally wrost item,10 January 2017
914,2.0 out of 5 stars,Not a renowned company and quality is not good at all,20 April 2017
915,5.0 out of 5 stars,Colour and Size all was exactly what i selected in the order. No colour fading after wash neither it shrinks remains same as it was received. Trust me it looks good a new love for the Brand KATSO. Thumbs up !üëç,11 May 2018
916,1.0 out of 5 stars,The size is too small that it is very tight at the neck and arms didn't go inside the sleeve. Also the Tshirt j received had some stains in it . You have to order next size ..meaning if M in other brands u should buy L in it,17 August 2018
917,1.0 out of 5 stars,I just clicked on the bridge colour. The next i sec i was shocked. It looks like someone has drawn the t-shirt and filled colour in ms paint. :D now am totally upset on unable to look at how the bridge colour looks :'( Katso Men's Cotton Roundneck T-shirt,14 February 2018
918,5.0 out of 5 stars,T shirt is of good quality. M satisfied for the given money,26 August 2018
919,5.0 out of 5 stars,I can't rcv it. So no resposne by me. Hoping good product this . I order it next times .,11 January 2019
920,5.0 out of 5 stars,"ordered Small size liked the material, in this price. the material is very good.i will say to have go if anybody wants to go for it..",26 June 2017
921,5.0 out of 5 stars,""" Awesome Fitting, Superb Look &amp; Rich Feel Product. ""Worth to buy in this price, THANKS amazon...!!!",22 January 2017
922,5.0 out of 5 stars,The best t-shirt ever on Amazon. The material is also good. Fitting is best. I liked it a lot. Worth it.,23 February 2019
923,3.0 out of 5 stars,"I got the wrong color. I had ordered a grey color,but got dark grey.",21 April 2018
924,1.0 out of 5 stars,Fit around neck gets loose in few days. Also fit around fore arms is not tight.. Bend marks are visible when we fold,24 March 2019
925,5.0 out of 5 stars,Great product. My husband loves it. Thank you Amazon#kasto,17 October 2018
926,5.0 out of 5 stars,"Good t-shirtüëåüèª. Quality is also good. It was delivered on time üëçüèª. Overall, worth the money. Goes well with jeans.",7 February 2019
927,5.0 out of 5 stars,Nyc product....comfort wear looking great,18 October 2018
928,4.0 out of 5 stars,"Good fabric ,looks cool after wear design is good little bit neck small length of the tshirt is good .",23 October 2018
929,5.0 out of 5 stars,"Good fit as expected,in love with fitting and colour.",6 June 2017
930,4.0 out of 5 stars,"Good quality,perfect fitting",21 October 2018
931,5.0 out of 5 stars,Nice product ...good material...with that price,18 October 2018
932,4.0 out of 5 stars,Good one go for it,29 October 2016
933,4.0 out of 5 stars,Very good fitting value for money you can buy it,28 July 2018
934,5.0 out of 5 stars,Amazing tshirt ‚ù§Ô∏è,8 August 2018
935,4.0 out of 5 stars,good quality of clothAnd fitting is also perfect,11 November 2017
936,4.0 out of 5 stars,Very nice product,2 August 2018
937,5.0 out of 5 stars,"Awesome, Had my doubt but will recommend buying.",5 July 2017
938,2.0 out of 5 stars,The size guide wasn't very helpful.! Had to get it exchanged for a larger size.!,25 April 2017
939,5.0 out of 5 stars,Owsm color.,19 January 2018
940,5.0 out of 5 stars,"very good product 100%cotton, nice fit",10 December 2017
941,2.0 out of 5 stars,The Quality is not worth for cost..,6 September 2017
942,1.0 out of 5 stars,Very bad quality,18 March 2018
943,1.0 out of 5 stars,"Worst, Worst, Worst, toooo worst.....",9 November 2017
944,4.0 out of 5 stars,Good product nice fitting,15 November 2017
945,5.0 out of 5 stars,Excellent work by amazon,20 August 2017
946,4.0 out of 5 stars,Was a good product.,9 September 2017
947,1.0 out of 5 stars,Worst,28 May 2017
948,1.0 out of 5 stars,Ok sort.,5 May 2017
949,5.0 out of 5 stars,looks decent,30 December 2016
950,3.0 out of 5 stars,Best ever product nice fabric has used in this t shirt and comfort level also more,4 April 2018
951,2.0 out of 5 stars,Collor is going,27 August 2017
952,5.0 out of 5 stars,Material is gud,25 October 2018
953,5.0 out of 5 stars,Good look,23 January 2018
954,4.0 out of 5 stars,Nice,29 October 2018
955,4.0 out of 5 stars,"Good fabric, comfortable.",18 October 2018
956,5.0 out of 5 stars,Amazing product ‚ù§Ô∏è I ordered 4 more T-shirts for my friends,9 October 2018
